SALE TYPE,SOLD DATE,PROPERTY TYPE,ADDRESS,CITY,STATE OR PROVINCE,ZIP OR POSTAL CODE,PRICE,BEDS,BATHS,LOCATION,SQUARE FEET,LOT SIZE,YEAR BUILT,DAYS ON MARKET,DOLLAR PER SQUARE FEET,HOA/MONTH,STATUS,NEXT OPEN HOUSE START TIME,NEXT OPEN HOUSE END TIME,URL (SEE https://www.redfin.com/buy-a-home/comparative-market-analysis FOR INFO ON PRICING),SOURCE,MLS#,FAVORITE,INTERESTED,LATITUDE,LONGITUDE
PAST SALE,December-15-2022,Multi-Family (2-4 Unit),318 Hancock St,Polish Hill,PA,15219,354200,7,3,Polish Hill,,1306,1900,,,,Sold,,,https://www.redfin.com/PA/Pittsburgh/318-Hancock-St-15219/home/74561570,West Penn MLS,1581558,N,Y,40.4584909,-79.966469
PAST SALE,December-9-2022,Single Family Residential,3215 Brereton St,Polish Hill,PA,15219,165000,4,3,Polish Hill,2760,988,1900,,60,,Sold,,,https://www.redfin.com/PA/Pittsburgh/3215-Brereton-St-15219/home/74564265,West Penn MLS,1576744,N,Y,40.4568884,-79.9656885
PAST SALE,December-5-2022,Single Family Residential,3428 Bethoven,Polish Hill,PA,15219,200000,3,1,Polish Hill,,2395,,,,,Sold,,,https://www.redfin.com/PA/Pittsburgh/3428-Bethoven-St-15219/home/74563712,West Penn MLS,1576825,N,Y,40.4578476,-79.9616095
PAST SALE,October-4-2022,Single Family Residential,342 Harmar St,Polish Hill,PA,15219,404000,3,3,Polish Hill,1800,3001,1915,,224,,Sold,,,https://www.redfin.com/PA/Pittsburgh/342-Harmar-St-15219/home/74562230,West Penn MLS,1568675,N,Y,40.4572213,-79.9675485
PAST SALE,September-28-2022,Single Family Residential,3209 Dobson St,Lawrenceville,PA,15219,584479,3,3.5,Lawrenceville,2971,,2020,,197,,Sold,,,https://www.redfin.com/PA/Pittsburgh/3209-Dobson-St-15219/home/143077357,West Penn MLS,1466584,N,Y,40.458025,-79.965395
PAST SALE,,Multi-Family (2-4 Unit),3440 Melwood Ave,Pittsburgh,PA,15219,180000,2,2,,1470,2860,1900,,122,,,,,https://www.redfin.com/PA/Pittsburgh/3440-Melwood-Ave-15219/home/74563673,,,N,Y,40.4587767,-79.9617367
PAST SALE,August-16-2022,Multi-Family (2-4 Unit),3202 Brereton,Polish Hill,PA,15219,490000,3,2,Polish Hill,,3001,1900,,,,Sold,,,https://www.redfin.com/PA/Pittsburgh/3202-Brereton-St-15219/home/74561610,West Penn MLS,1561499,N,Y,40.4564927,-79.9661798
PAST SALE,August-5-2022,Single Family Residential,3204 1/2 Dobson St,Polish Hill,PA,15219,293500,2,2,Polish Hill,,2800,1890,,,,Sold,,,https://www.redfin.com/PA/Pittsburgh/3204-1-2-Dobson-St-15219/home/73548837,West Penn MLS,1556594,N,Y,40.4576002,-79.9655023
PAST SALE,July-8-2022,Single Family Residential,3018 Wiggins,Polish Hill,PA,15219,269000,2,1.5,Polish Hill,1026,3929,1987,,262,,Sold,,,https://www.redfin.com/PA/Pittsburgh/3018-Wiggins-St-15219/home/74775201,West Penn MLS,1555885,N,Y,40.4572383,-79.9694524
PAST SALE,June-23-2022,Single Family Residential,1121 Herron Ave,Polish Hill,PA,15219,156000,0,,Polish Hill,1404,1542,1985,,111,,Sold,,,https://www.redfin.com/PA/Pittsburgh/1121-Herron-Ave-15219/home/74563886,West Penn MLS,1543737,N,Y,40.4584146,-79.9644491
PAST SALE,,Other,3550 Melwood Ave,Pittsburgh,PA,15213,32000,,,,,2425,,,,,,,,https://www.redfin.com/PA/Pittsburgh/3550-Melwood-Ave-15213/home/163680443,,,N,Y,40.4594896,-79.9593505
PAST SALE,May-23-2022,Single Family Residential,3120 Brereton St,Polish Hill,PA,15219,70000,3,2,Polish Hill,1068,3001,1900,,66,,Sold,,,https://www.redfin.com/PA/Pittsburgh/3120-Brereton-St-15219/home/74561612,West Penn MLS,1545604,N,Y,40.456625,-79.9662536
PAST SALE,,Multi-Family (2-4 Unit),3604 Melwood Ave,Pittsburgh,PA,15213,240000,2,1,,1624,2900,1900,,148,,,,,https://www.redfin.com/PA/Pittsburgh/3604-Melwood-Ave-15213/home/74563753,,,N,Y,40.4595524,-79.9598776
PAST SALE,,Single Family Residential,1031 Herron Ave,Pittsburgh,PA,15219,184500,3,1.5,,1734,1180,1885,,106,,,,,https://www.redfin.com/PA/Pittsburgh/1031-Herron-Ave-15219/home/73511574,,,N,Y,40.4576077,-79.9642305
PAST SALE,April-13-2022,Single Family Residential,1031 Herron Ave,Polish Hill,PA,15219,184500,3,1,Polish Hill,1734,,1885,,106,,Sold,,,https://www.redfin.com/PA/Pittsburgh/1031-Herron-Ave-15219/home/74563866,West Penn MLS,1500399,N,Y,40.4576077,-79.9642305
PAST SALE,April-8-2022,Multi-Family (2-4 Unit),3034 Brereton St,Polish Hill,PA,15219,280000,2,2,Polish Hill,,3001,1902,,,,Sold,,,https://www.redfin.com/PA/Pittsburgh/3034-Brereton-St-15219/home/74561617,West Penn MLS,1537623,N,Y,40.4564561,-79.9686942
PAST SALE,April-6-2022,Single Family Residential,3511 Melwood Ave,Polish Hill,PA,15213,283000,3,2,Polish Hill,,,1900,,,,Sold,,,https://www.redfin.com/PA/Pittsburgh/3511-Melwood-Ave-15213/home/74563735,West Penn MLS,1528683,N,Y,40.4594039,-79.9610074
PAST SALE,March-31-2022,Multi-Family (2-4 Unit),3704-06 Melwood Ave,Polish Hill,PA,15213,321000,5,2.5,Polish Hill,,4173,1900,,,,Sold,,,https://www.redfin.com/PA/Pittsburgh/3704-Melwood-Ave-15213/home/163821869,West Penn MLS,1531877,N,Y,40.4597609,-79.9586003
PAST SALE,March-11-2022,Single Family Residential,1012 Herron Ave,Polish Hill,PA,15219,327500,3,2.5,Polish Hill,1400,1999,1900,,234,,Sold,,,https://www.redfin.com/PA/Pittsburgh/1012-Herron-Ave-15219/home/73524718,West Penn MLS,1533798,N,Y,40.456912,-79.9645621
PAST SALE,,Multi-Family (2-4 Unit),333 Downing St,Pittsburgh,PA,15219,380000,2,2.5,,1984,1550,1900,,192,,,,,https://www.redfin.com/PA/Pittsburgh/333-Downing-St-15219/home/74561552,,,N,Y,40.4577821,-79.9666779
PAST SALE,February-7-2022,Single Family Residential,3216 Brereton St,Polish Hill,PA,15219,225000,3,1,Polish Hill,1724,2212,1900,,131,,Sold,,,https://www.redfin.com/PA/Pittsburgh/3216-Brereton-St-15219/home/74564282,West Penn MLS,1526347,N,Y,40.456623,-79.9655853
PAST SALE,,Single Family Residential,3202 Downing St,Pittsburgh,PA,15219,165000,2,1,,1132,1575,1920,,146,,,,,https://www.redfin.com/PA/Pittsburgh/3202-Downing-St-15219/home/74561562,,,N,Y,40.458242,-79.967004
PAST SALE,January-4-2022,Single Family Residential,3038 Phelan Way,Polish Hill,PA,15219,194000,3,3,Polish Hill,3200,1306,1900,,61,,Sold,,,https://www.redfin.com/PA/Pittsburgh/3038-Phelan-Way-15219/home/74562200,West Penn MLS,1510864,N,Y,40.456098,-79.9684695
PAST SALE,December-30-2021,Single Family Residential,3546 Melwood Ave,Polish Hill,PA,15213,379900,2,2.5,Polish Hill,3120,2700,1900,,122,,Sold,,,https://www.redfin.com/PA/Pittsburgh/3546-Melwood-Ave-15213/home/74563754,West Penn MLS,1520497,N,Y,40.4596057,-79.9595979
PAST SALE,December-28-2021,Single Family Residential,3279 Bigelow,Polish Hill,PA,15219,70000,3,1.5,Polish Hill,1512,,1900,,46,,Sold,,,https://www.redfin.com/PA/Pittsburgh/3279-Bigelow-Blvd-15219/home/74562236,West Penn MLS,1521349,N,Y,40.4557074,-79.9665624
PAST SALE,December-1-2021,Single Family Residential,3721 Melwood Ave,Polish Hill,PA,15213,522500,3,3,Polish Hill,2187,3750,2021,,239,,Sold,,,https://www.redfin.com/PA/Pittsburgh/3721-Melwood-Ave-15213/home/163855345,West Penn MLS,1521926,N,Y,40.46021,-79.958297
PAST SALE,November-12-2021,Single Family Residential,333 Downing St Unit 1 & 2,Polish Hill,PA,15219,380000,3,2.5,Polish Hill,1984,,1900,,192,,Sold,,,https://www.redfin.com/PA/Pittsburgh/333-Downing-St-15219/unit-1-2/home/175547690,West Penn MLS,1507738,N,Y,40.4577821,-79.9666779
PAST SALE,October-28-2021,Single Family Residential,331 Hancock St,Polish Hill,PA,15219,320000,2,1.5,Polish Hill,1760,,2017,,182,,Sold,,,https://www.redfin.com/PA/Pittsburgh/331-Hancock-St-15219/home/145085607,West Penn MLS,1520107,N,Y,40.4583004,-79.9660379
PAST SALE,October-8-2021,Multi-Family (2-4 Unit),322 Hancock St,Polish Hill,PA,15219,219000,3,2,Polish Hill,,1999,1900,,,,Sold,,,https://www.redfin.com/PA/Pittsburgh/322-Hancock-St-15219/home/74561571,West Penn MLS,1519119,N,Y,40.4583357,-79.9663594
PAST SALE,October-4-2021,Single Family Residential,3208 Downing,Polish Hill,PA,15219,125000,2,1.5,Polish Hill,1288,1306,1900,,97,,Sold,,,https://www.redfin.com/PA/Pittsburgh/3208-Downing-St-15219/home/74561559,West Penn MLS,1513316,N,Y,40.4582815,-79.9667705
PAST SALE,,Multi-Family (2-4 Unit),3310 Cargill St,Pittsburgh,PA,15219,250000,4,2,,2160,2090,1900,,116,,,,,https://www.redfin.com/PA/Pittsburgh/3310-Cargill-St-15219/home/74563790,,,N,Y,40.4577562,-79.9632254
PAST SALE,July-30-2021,Multi-Family (2-4 Unit),3139 Dobson St,Polish Hill,PA,15219,274832,6,3,Polish Hill,,1306,1900,,,,Sold,,,https://www.redfin.com/PA/Pittsburgh/3139-Dobson-St-15219/home/73500540,West Penn MLS,1509523,N,Y,40.4577132,-79.9658465
PAST SALE,July-21-2021,Single Family Residential,3505 Melwood Ave,Polish Hill,PA,15213,390000,3,2.5,Polish Hill,1534,1981,1900,,254,,Sold,,,https://www.redfin.com/PA/Pittsburgh/3505-Melwood-Ave-15213/home/74563740,West Penn MLS,1477093,N,Y,40.4592744,-79.961215
PAST SALE,,Single Family Residential,3603 Melwood Ave,Pittsburgh,PA,15213,230000,3,2,,1870,2700,1900,,123,,,,,https://www.redfin.com/PA/Pittsburgh/3603-Melwood-Ave-15213/home/74563750,,,N,Y,40.4597659,-79.9600786
PAST SALE,May-10-2021,Single Family Residential,311 Harmar,Polish Hill,PA,15219,160000,3,2,Polish Hill,,,1890,,,,Sold,,,https://www.redfin.com/PA/Pittsburgh/311-Harmar-St-15219/home/74561581,West Penn MLS,1490042,N,Y,40.4577202,-79.968717
PAST SALE,April-29-2021,Single Family Residential,3316 Cargill,Polish Hill,PA,15219,110000,2,1,Polish Hill,1152,2639,1900,,95,,Sold,,,https://www.redfin.com/PA/Pittsburgh/3316-Cargill-St-15219/home/74563793,West Penn MLS,1491090,N,Y,40.4578401,-79.9630498
PAST SALE,April-12-2021,Single Family Residential,3509 Bethoven,Polish Hill,PA,15213,82000,2,1,Polish Hill,1048,,1920,,78,,Sold,,,https://www.redfin.com/PA/Pittsburgh/3509-Bethoven-St-15213/home/74563682,West Penn MLS,1480843,N,Y,40.4587877,-79.960675
PAST SALE,March-18-2021,Single Family Residential,323 Downing St,Polish Hill,PA,15219,440000,3,3.5,Polish Hill,2155,1999,1900,,204,,Sold,,,https://www.redfin.com/PA/Pittsburgh/323-Downing-St-15219/home/74561556,West Penn MLS,1482994,N,Y,40.4580033,-79.9669368
PAST SALE,January-4-2021,Townhouse,3024 Wiggins St,Polish Hill,PA,15219,292500,3,1.5,Polish Hill,1524,,1987,,192,,Sold,,,https://www.redfin.com/PA/Pittsburgh/3024-Wiggins-St-15219/home/74775207,West Penn MLS,1476912,N,Y,40.4572611,-79.9692819
PAST SALE,November-17-2020,Multi-Family (2-4 Unit),333 Hancock St,Polish Hill,PA,15219,255000,4,2,Polish Hill,,,1890,,,,Sold,,,https://www.redfin.com/PA/Pittsburgh/333-Hancock-St-15219/home/74563822,West Penn MLS,1468406,N,Y,40.4582328,-79.9658729
PAST SALE,,Single Family Residential,3119 Phelan Way,Pittsburgh,PA,15219,50000,1,1,,540,3000,1890,,93,,,,,https://www.redfin.com/PA/Pittsburgh/3119-Phelan-Way-15219/home/74561594,,,N,Y,40.4561705,-79.9662733
PAST SALE,October-15-2020,Single Family Residential,3627 Melwood Ave,Polish Hill,PA,15213,187400,2,1,Polish Hill,720,,1900,,260,,Sold,,,https://www.redfin.com/PA/Pittsburgh/3627-Melwood-Ave-15213/home/74563111,West Penn MLS,1464289,N,Y,40.4599576,-79.9591171
PAST SALE,October-9-2020,Townhouse,938-940 Herron Ave,Polish Hill,PA,15219,50000,4,2.5,Polish Hill,2890,,1880,,17,,Sold,,,https://www.redfin.com/PA/Pittsburgh/938-Herron-Ave-15219/home/74564273,West Penn MLS,1463683,N,Y,40.4561459,-79.9654396
PAST SALE,October-2-2020,Single Family Residential,329 Hancock St,Polish Hill,PA,15219,350000,2,1.5,Polish Hill,1760,1197,2017,,199,,Sold,,,https://www.redfin.com/PA/Pittsburgh/329-Hancock-St-15219/home/74563834,West Penn MLS,1457139,N,Y,40.458313,-79.9659722
PAST SALE,October-1-2020,Single Family Residential,3533 Melwood Ave,Polish Hill,PA,15213,135000,4,1.5,Polish Hill,2024,,1900,,67,,Sold,,,https://www.redfin.com/PA/Pittsburgh/3533-Melwood-Ave-15213/home/74563731,West Penn MLS,1456899,N,Y,40.4597163,-79.9601987
PAST SALE,September-23-2020,Single Family Residential,3009 Paulowna St,Polish Hill,PA,15219,430000,3,3.5,Polish Hill,2000,,1900,,215,,Sold,,,https://www.redfin.com/PA/Pittsburgh/3009-Paulowna-St-15219/home/74562201,West Penn MLS,1426584,N,Y,40.4558807,-79.9686614
PAST SALE,September-17-2020,Single Family Residential,3610 Bethoven St,Polish Hill,PA,15213,297500,3,2.5,Polish Hill,1656,2178,1900,,180,,Sold,,,https://www.redfin.com/PA/Pittsburgh/3610-Bethoven-St-15213/home/73548550,West Penn MLS,1442508,N,Y,40.4593742,-79.9579371
PAST SALE,,Single Family Residential,3711 Melwood Ave,Pittsburgh,PA,15213,460000,3,3,,2498,3750,2020,,184,,,,,https://www.redfin.com/PA/Pittsburgh/3711-Melwood-Ave-15213/home/163680206,,,N,Y,40.4600893,-79.9584062
PAST SALE,,Single Family Residential,3602 Bethoven St,Pittsburgh,PA,15213,329000,5,2,,1827,3500,1900,,180,,,,,https://www.redfin.com/PA/Pittsburgh/3602-Bethoven-St-15213/home/74563764,,,N,Y,40.4594834,-79.9575022
PAST SALE,August-27-2020,Single Family Residential,3036 Wiggins,Polish Hill,PA,15219,172000,3,1,Polish Hill,,,1900,,,,Sold,,,https://www.redfin.com/PA/Pittsburgh/3036-Wiggins-St-15219/home/74561611,West Penn MLS,1452832,N,Y,40.457231,-79.9687299
PAST SALE,August-26-2020,Single Family Residential,3601 Melwood Ave,Polish Hill,PA,15213,140000,4,1,Polish Hill,1860,,1900,,75,,Sold,,,https://www.redfin.com/PA/Pittsburgh/3601-Melwood-Ave-15213/home/74563732,West Penn MLS,1446341,N,Y,40.4597341,-79.960166
PAST SALE,,Multi-Family (2-4 Unit),3307 Bethoven St,Pittsburgh,PA,15219,90000,6,2,,2947,5160,1900,,31,,,,,https://www.redfin.com/PA/Pittsburgh/3307-Bethoven-St-15219/home/74563911,,,N,Y,40.4575474,-79.9632179
PAST SALE,,Multi-Family (2-4 Unit),342 Downing St,Pittsburgh,PA,15219,92000,2,2,,1190,2520,1900,,77,,,,,https://www.redfin.com/PA/Pittsburgh/342-Downing-St-15219/home/74562213,,,N,Y,40.4575173,-79.9668187
PAST SALE,June-29-2020,Single Family Residential,3205 Dobson St,Polish Hill,PA,15219,352500,3,2.5,Polish Hill,2236,,1926,,158,,Sold,,,https://www.redfin.com/PA/Pittsburgh/3205-Dobson-St-15219/home/74563891,West Penn MLS,1441675,N,Y,40.4579634,-79.965527
PAST SALE,March-19-2020,Single Family Residential,16 Revere Way,Polish Hill,PA,15219,210000,3,1,Polish Hill,1754,,1900,,120,,Sold,,,https://www.redfin.com/PA/Pittsburgh/16-Revere-Way-15219/home/74561565,West Penn MLS,1433842,N,Y,40.4581061,-79.966667
PAST SALE,March-18-2020,Single Family Residential,3532 Melwood Ave,Polish Hill,PA,15213,150000,5,1.5,Polish Hill,2228,,1950,,67,,Sold,,,https://www.redfin.com/PA/Pittsburgh/3532-Melwood-Ave-15213/home/74563862,West Penn MLS,1427261,N,Y,40.4594584,-79.960166
PAST SALE,March-10-2020,Single Family Residential,3531 Bethoven,Bloomfield,PA,15213,178000,4,1.5,Bloomfield,1395,,1900,,128,,Sold,,,https://www.redfin.com/PA/Pittsburgh/3531-Bethoven-St-15213/home/74563690,West Penn MLS,1426328,N,Y,40.4588945,-79.9598149
PAST SALE,March-6-2020,Single Family Residential,3026 Wiggins St,Polish Hill,PA,15219,153000,3,1,Polish Hill,990,,1894,,155,,Sold,,,https://www.redfin.com/PA/Pittsburgh/3026-Wiggins-St-15219/home/74561654,West Penn MLS,1421549,N,Y,40.4573088,-79.9691884
PAST SALE,March-4-2020,Single Family Residential,327 Downing St,Polish Hill,PA,15219,270000,3,2,Polish Hill,1920,,1900,,141,,Sold,,,https://www.redfin.com/PA/Pittsburgh/327-Downing-St-15219/home/74561558,West Penn MLS,1420930,N,Y,40.4579569,-79.9668088
PAST SALE,February-25-2020,Single Family Residential,3327 Melwood Ave,Polish Hill,PA,15219,128500,2,1,Polish Hill,1178,,1900,,109,,Sold,,,https://www.redfin.com/PA/Pittsburgh/3327-Melwood-Ave-15219/home/73500506,West Penn MLS,1432138,N,Y,40.4585945,-79.963131
PAST SALE,December-23-2019,Single Family Residential,26 Revere,Polish Hill,PA,15219,255000,3,2.5,Polish Hill,1680,,1900,,152,,Sold,,,https://www.redfin.com/PA/Pittsburgh/26-Revere-Way-15219/home/169731665,West Penn MLS,1425998,N,Y,40.4578353,-79.9664373
PAST SALE,December-10-2019,Multi-Family (2-4 Unit),3037 Pulawski Way,Polish Hill,PA,15219,300000,4,2.5,Polish Hill,,,1900,,,,Sold,,,https://www.redfin.com/PA/Pittsburgh/3037-Pulawski-Way-15219/home/74561673,West Penn MLS,1419898,N,Y,40.4569552,-79.9685742
PAST SALE,,Other,3021 Paulowna St,Pittsburgh,PA,15219,123000,1,1.5,,1920,2400,1900,,64,,,,,https://www.redfin.com/PA/Pittsburgh/3021-Paulowna-St-15219/home/73500432,,,N,Y,40.4558887,-79.9681103
PAST SALE,,Condo/Co-op,24 Revere Way,Pittsburgh,PA,15219,249000,3,2.5,,1932,,1900,,129,,,,,https://www.redfin.com/PA/Pittsburgh/24-Revere-Way-15219/home/171259826,,,N,Y,40.4578892,-79.966492
PAST SALE,November-6-2019,Single Family Residential,24 Revere Way,Polish Hill,PA,15219,249000,3,2.5,Polish Hill,1680,,1900,,148,,Sold,,,https://www.redfin.com/PA/Pittsburgh/24-Revere-Way-15219/home/74561553,West Penn MLS,1401837,N,Y,40.4578892,-79.966492
PAST SALE,October-31-2019,Single Family Residential,3007 Brereton St,E Pittsburgh,PA,15219,135000,0,,E Pittsburgh,,,1930,,,,Sold,,,https://www.redfin.com/PA/Pittsburgh/3007-Brereton-St-15219/home/173126711,West Penn MLS,1412923,N,Y,40.456682,-79.9698681
PAST SALE,October-4-2019,Multi-Family (2-4 Unit),329 Downing St,Polish Hill,PA,15219,215000,4,2,Polish Hill,,,1900,,,,Sold,,,https://www.redfin.com/PA/Pittsburgh/329-Downing-St-15219/home/74561551,West Penn MLS,1410086,N,Y,40.4578783,-79.96677
PAST SALE,September-26-2019,Single Family Residential,3035 Bigelow Blvd,Polish Hill,PA,15219,85000,4,1,Polish Hill,,,1910,,,,Sold,,,https://www.redfin.com/PA/Pittsburgh/3035-Bigelow-Blvd-15219/home/74562234,West Penn MLS,1402599,N,Y,40.455489,-79.9672675
PAST SALE,September-4-2019,Single Family Residential,3210 Brereton,Polish Hill,PA,15219,250000,2,2,Polish Hill,1133,,1900,,221,,Sold,,,https://www.redfin.com/PA/Pittsburgh/3210-Brereton-St-15219/home/74564267,West Penn MLS,1395002,N,Y,40.4566401,-79.9657778
PAST SALE,August-12-2019,Multi-Family (2-4 Unit),314-316 Harmar,Polish Hill,PA,15219,73000,,,Polish Hill,,,1900,,,,Sold,,,https://www.redfin.com/PA/Pittsburgh/314-Harmar-St-15219/home/74561541,West Penn MLS,1356485,N,Y,40.4578302,-79.9683628
PAST SALE,July-24-2019,Single Family Residential,3446 Flavian St,Polish Hill,PA,15219,135000,1,1,Polish Hill,945,,1900,,143,,Sold,,,https://www.redfin.com/PA/Pittsburgh/3446-Flavian-St-15219/home/74563715,West Penn MLS,1399871,N,Y,40.4592541,-79.9617722
PAST SALE,July-18-2019,Single Family Residential,3707 Melwood,Polish Hill,PA,15213,457500,3,3,Polish Hill,2400,,2018,,191,,Sold,,,https://www.redfin.com/PA/Pittsburgh/3707-Melwood-Ave-15213/home/146423444,West Penn MLS,1387433,N,Y,40.4600728,-79.9586684
PAST SALE,,Condo/Co-op,3019 Brereton St,Pittsburgh,PA,15219,154000,2,1.5,,1700,,1900,,91,,,,,https://www.redfin.com/PA/Pittsburgh/3019-Brereton-St-15219/home/74561660,,,N,Y,40.456822,-79.969354
PAST SALE,,Single Family Residential,3206 Downing St,Pittsburgh,PA,15219,140000,2,1,,1199,1500,1920,,117,,,,,https://www.redfin.com/PA/Pittsburgh/3206-Downing-St-15219/home/74561560,,,N,Y,40.4582896,-79.9668729
PAST SALE,,Single Family Residential,3033 Wiggins St,Pittsburgh,PA,15219,250000,3,2,,1362,1624,1880,,184,,,,,https://www.redfin.com/PA/Pittsburgh/3033-Wiggins-St-15219/home/74561580,,,N,Y,40.4575948,-79.9688774
PAST SALE,June-27-2019,Single Family Residential,3501 Melwood Ave,Polish Hill,PA,15213,99900,0,,Polish Hill,,2178,1900,,,,Sold,,,https://www.redfin.com/PA/Pittsburgh/3501-Melwood-Ave-15213/home/74563725,West Penn MLS,1341182,N,Y,40.4592047,-79.9613487
PAST SALE,June-14-2019,Single Family Residential,3014 Wiggins St,Polish Hill,PA,15219,350000,3,2,Polish Hill,1440,3049,1993,,243,,Sold,,,https://www.redfin.com/PA/Pittsburgh/3014-Wiggins-St-15219/home/74561671,West Penn MLS,1391869,N,Y,40.4572144,-79.9696496
PAST SALE,June-10-2019,Single Family Residential,18 Revere Way,Polish Hill,PA,15219,200000,2,1,Polish Hill,1152,,1905,,174,,Sold,,,https://www.redfin.com/PA/Pittsburgh/18-Revere-Way-15219/home/74561564,West Penn MLS,1389324,N,Y,40.4580648,-79.9666451
PAST SALE,May-14-2019,Single Family Residential,3110 Phelan Way,Polish Hill,PA,15219,235000,2,1,Polish Hill,1600,,1930,,147,,Sold,,,https://www.redfin.com/PA/Pittsburgh/3110-Phelan-Way-15219/home/74561597,West Penn MLS,1360084,N,Y,40.4561784,-79.966809
PAST SALE,April-30-2019,Single Family Residential,304 30th St,Polish Hill,PA,15219,297000,3,1.5,Polish Hill,1176,,1983,,253,,Sold,,,https://www.redfin.com/PA/Pittsburgh/304-30th-St-15219/home/74561621,West Penn MLS,1380963,N,Y,40.4568701,-79.9702177
PAST SALE,March-4-2019,Single Family Residential,3040 Phelan Way,Hill District,PA,15219,14000,0,,Hill District,,871,,,,,Sold,,,https://www.redfin.com/PA/Pittsburgh/3040-Phelan-Way-15219/home/148552807,West Penn MLS,1375116,N,Y,40.4560793,-79.9684374
PAST SALE,February-25-2019,Single Family Residential,1046 Herron Ave,Polish Hill,PA,15219,249000,3,1.5,Polish Hill,1792,,1880,,139,,Sold,,,https://www.redfin.com/PA/Pittsburgh/1046-Herron-Ave-15219/home/74563827,West Penn MLS,1372148,N,Y,40.4578007,-79.9636995
PAST SALE,February-13-2019,Single Family Residential,3522 Melwood,Polish Hill,PA,15213,206000,2,1,Polish Hill,1122,,1900,,184,,Sold,,,https://www.redfin.com/PA/Pittsburgh/3522-Melwood-Ave-15213/home/74563864,West Penn MLS,1376977,N,Y,40.4593238,-79.9604283
PAST SALE,February-1-2019,Single Family Residential,3023 Brereton St,,PA,15219,153000,4,2,East Allegheny,,1498,,,,,Sold,,,https://www.redfin.com/PA/Pittsburgh/3023-Brereton-St-15219/home/74775235,West Penn MLS,1369631,N,Y,40.456729,-79.9691855
PAST SALE,December-21-2018,Single Family Residential,3213 Brereton Ave,South-other Area,PA,15219,140000,3,1.5,South-Other Area,1500,1742,1900,,93,,Sold,,,https://www.redfin.com/PA/Pittsburgh/3213-Brereton-St-15219/home/73524743,West Penn MLS,1365862,N,Y,40.4568622,-79.9657951
PAST SALE,December-12-2018,Single Family Residential,30 Revere Way,Polish Hill,PA,15219,155500,2,1.5,Polish Hill,,,1900,,,,Sold,,,https://www.redfin.com/PA/Pittsburgh/30-Revere-Way-15219/home/73573645,West Penn MLS,1365226,N,Y,40.4577775,-79.9664061
PAST SALE,November-29-2018,Single Family Residential,348 Harmar St,Polish Hill,PA,15219,155000,3,2,Polish Hill,1476,,1920,,105,,Sold,,,https://www.redfin.com/PA/Pittsburgh/348-Harmar-St-15219/home/74562209,West Penn MLS,1367274,N,Y,40.4570989,-79.9672788
PAST SALE,October-16-2018,Single Family Residential,3345 Melwood,Polish Hill,PA,15219,220000,4,2,Polish Hill,1615,,1895,,136,,Sold,,,https://www.redfin.com/PA/Pittsburgh/3345-Melwood-Ave-15219/home/74563850,West Penn MLS,1356808,N,Y,40.4587873,-79.9625152
PAST SALE,October-12-2018,Ranch,3128 Dobson St,Polish Hill,PA,15219,1,0,,Polish Hill,,3484,,,,,Sold,,,https://www.redfin.com/PA/Pittsburgh/3130-Dobson-St-15219/Frnt/home/113059858,West Penn MLS,1337228,N,Y,40.4572974,-79.9661639
PAST SALE,October-12-2018,Single Family Residential,3130 Dobson St,Polish Hill,PA,15219,340000,3,2,Polish Hill,,,1920,,,,Sold,,,https://www.redfin.com/PA/Pittsburgh/3130-Dobson-St-15219/home/73574002,West Penn MLS,1337221,N,Y,40.4572941,-79.9661644
PAST SALE,September-28-2018,Single Family Residential,3413 Bethoven St,Polish Hill,PA,15219,360000,3,2.5,Polish Hill,1490,,1900,,242,,Sold,,,https://www.redfin.com/PA/Pittsburgh/3413-Bethoven-St-15219/home/74563802,West Penn MLS,1338962,N,Y,40.4579711,-79.962193
PAST SALE,September-27-2018,Multi-Family (2-4 Unit),3063 Phelan,Polish Hill,PA,15219,84000,,,Polish Hill,,,1900,,,,Sold,,,https://www.redfin.com/PA/Pittsburgh/3063-Phelan-Way-15219/home/74561608,West Penn MLS,1299010,N,Y,40.4563062,-79.9672535
PAST SALE,,Multi-Family (2-4 Unit),3329 Melwood Ave,Pittsburgh,PA,15219,155000,4,3,,1622,2200,1900,,96,,,,,https://www.redfin.com/PA/Pittsburgh/3329-Melwood-Ave-15219/home/74563856,,,N,Y,40.458613,-79.963093
PAST SALE,August-10-2018,Single Family Residential,1110 Herron Ave,Polish Hill,PA,15219,264000,3,2.5,Polish Hill,1980,1742,1905,,133,,Sold,,,https://www.redfin.com/PA/Pittsburgh/1110-Herron-Ave-15219/home/74563832,West Penn MLS,1316072,N,Y,40.4584276,-79.9641001
PAST SALE,August-3-2018,Multi-Family (2-4 Unit),3053 Brereton St,Polish Hill,PA,15219,335000,6,3,Polish Hill,3950,3484,1900,,85,,Sold,,,https://www.redfin.com/PA/Pittsburgh/3053-Brereton-St-15219/home/74561670,West Penn MLS,1323069,N,Y,40.4567783,-79.9678141
PAST SALE,July-18-2018,Single Family Residential,3005 Paulowna St,Polish Hill,PA,15219,307500,5,2,Polish Hill,2370,,1900,,130,,Sold,,,https://www.redfin.com/PA/Pittsburgh/3005-Paulowna-St-15219/home/74562204,West Penn MLS,1313898,N,Y,40.4558922,-79.9687924
PAST SALE,,Multi-Family (2-4 Unit),3052 Phelan Way,Pittsburgh,PA,15219,56000,3,1,,2412,1214,1900,,23,,,,,https://www.redfin.com/PA/Pittsburgh/3052-Phelan-Way-15219/home/74561593,,,N,Y,40.4561109,-79.9679665
PAST SALE,,Vacant Land,3608 Melwood Ave,Pittsburgh,PA,15213,10000,,,,,3286,,,,,,,,https://www.redfin.com/PA/Pittsburgh/3608-Melwood-Ave-15213/home/163416355,,,N,Y,40.4595081,-79.9596671
PAST SALE,June-25-2018,Single Family Residential,3543 Bethoven St,Polish Hill,PA,15213,285000,4,2.5,Polish Hill,1804,,1900,,158,,Sold,,,https://www.redfin.com/PA/Pittsburgh/3543-Bethoven-St-15213/home/74563686,West Penn MLS,1331826,N,Y,40.4591153,-79.9593625
PAST SALE,June-15-2018,Single Family Residential,3207 Dobson,Polish Hill,PA,15219,375000,3,2.5,Polish Hill,,,1890,,,,Sold,,,https://www.redfin.com/PA/Pittsburgh/3207-Dobson-St-15219/home/74563890,West Penn MLS,1320364,N,Y,40.4579846,-79.9654723
PAST SALE,,Single Family Residential,3719 Melwood Ave,Pittsburgh,PA,15213,87000,2,1,,1264,5450,1900,,69,,,,,https://www.redfin.com/PA/Pittsburgh/3719-Melwood-Ave-15213/home/74563121,,,N,Y,40.4602136,-79.9571425
PAST SALE,May-18-2018,Multi-Family (2-4 Unit),3513 Melwood Ave,Polish Hill,PA,15213,240000,3,2.5,Polish Hill,2300,3400,1900,,104,,Sold,,,https://www.redfin.com/PA/Pittsburgh/3513-Melwood-Ave-15213/home/74563736,West Penn MLS,1331095,N,Y,40.459485,-79.960981
PAST SALE,April-13-2018,Single Family Residential,3518 Melwood,Polish Hill,PA,15213,121200,2,,Polish Hill,1200,,1900,,101,,Sold,,,https://www.redfin.com/PA/Pittsburgh/3518-Melwood-Ave-15213/home/164142350,West Penn MLS,1321716,N,Y,40.4592564,-79.9605594
PAST SALE,April-11-2018,Single Family Residential,3709 Melwood,Polish Hill,PA,15213,455000,3,3,Polish Hill,1850,,1900,,246,,Sold,,,https://www.redfin.com/PA/Pittsburgh/3709-Melwood-Ave-15213/home/74563116,West Penn MLS,1306927,N,Y,40.4600977,-79.9585349
PAST SALE,,Townhouse,3313 Cargill St,Pittsburgh,PA,15219,70000,2,1,,1488,2200,1900,,47,,,,,https://www.redfin.com/PA/Pittsburgh/3313-Cargill-St-15219/home/74563787,,,N,Y,40.4579118,-79.9633115
PAST SALE,,Multi-Family (2-4 Unit),3553 Bethoven St,Pittsburgh,PA,15213,225000,4,3,,3248,2675,1900,,69,,,,,https://www.redfin.com/PA/Pittsburgh/3553-Bethoven-St-15213/home/74563694,,,N,Y,40.4592409,-79.9590297
PAST SALE,February-21-2018,Single Family Residential,3331 Melwood Ave,Polish Hill,PA,15219,252000,2,1.5,Polish Hill,1443,,1900,,175,,Sold,,,https://www.redfin.com/PA/Pittsburgh/3331-Melwood-Ave-15219/home/74563858,West Penn MLS,1311595,N,Y,40.4586037,-79.9630068
